[
{
  "model": "foodcartapp.restaurant",
  "pk": 1,
  "fields": {
    "name": "Star Burger Арбат",
    "address": "Москва, ул. Новый Арбат, 15",
    "contact_phone": "+7 (967) 157-44-13",
    "coordinates": null
  }
},
{
  "model": "foodcartapp.restaurant",
  "pk": 2,
  "fields": {
    "name": "Star Burger Цветной",
    "address": "Москва, Цветной бульвар, 11с2",
    "contact_phone": "+7 (929) 949-55-36",
    "coordinates": null
  }
},
{
  "model": "foodcartapp.restaurant",
  "pk": 3,
  "fields": {
    "name": "Star Burger Европейский",
    "address": "Москва, пл. Киевского Вокзала, 2",
    "contact_phone": "+7 (929) 680-47-58",
    "coordinates": null
  }
},
{
  "model": "foodcartapp.productcategory",
  "pk": 1,
  "fields": {
    "name": "Бургер"
  }
},
{
  "model": "foodcartapp.productcategory",
  "pk": 2,
  "fields": {
    "name": "Ролл"
  }
},
{
  "model": "foodcartapp.product",
  "pk": 1,
  "fields": {
    "name": "Стейкхаус",
    "category": 1,
    "price": "269.00",
    "image": "steak.jpg",
    "special_status": false,
    "description": "Стейкхаус – это сочетание нашей фирменной, приготовленной на огне 100% говядины с ломтиками бекона и соусом «Барбекю», майонезом, листьями свежего салата, помидором и хрустящим луком на воздушной було"
  }
},
{
  "model": "foodcartapp.product",
  "pk": 2,
  "fields": {
    "name": "Лонг Чизбургер",
    "category": 1,
    "price": "219.00",
    "image": "long_chiz.jpg",
    "special_status": false,
    "description": "Лонг Чизбургер – эталон в коллекции чизбургеров! Два приготовленных на огне бифштекса с двумя ломтиками слегка расплавленного сыра, хрустящими огурчиками, рубленым луком, горчицей и кетчупом на длинно"
  }
},
{
  "model": "foodcartapp.product",
  "pk": 3,
  "fields": {
    "name": "Тройной Воппер",
    "category": 1,
    "price": "369.00",
    "image": "triple_vopper.jpg",
    "special_status": false,
    "description": "ВОППЕР® — это вкуснейшая приготовленная на огне 100% говядина с сочными помидорами, свежим нарезанным листовым салатом, густым майонезом, хрустящими маринованными огурчиками и свежим луком на нежной б"
  }
},
{
  "model": "foodcartapp.product",
  "pk": 4,
  "fields": {
    "name": "Беконайзер",
    "category": 1,
    "price": "319.00",
    "image": "beconizer.jpg",
    "special_status": false,
    "description": "Встречай самый внушительный бургер в коллекции Бургер Кинг. Много мяса, много бекона и много сыра - все, как ты любишь, и ничего лишнего!"
  }
},
{
  "model": "foodcartapp.product",
  "pk": 5,
  "fields": {
    "name": "Фиш Ролл",
    "category": 2,
    "price": "199.00",
    "image": "fish_roll.jpg",
    "special_status": false,
    "description": "Наш новый ролл с аппетитной котлеткой из филе белой рыбы, с фирменным соусом, маринованными огурчиками и хрустящим салатом. Легкое рыбное удовольствие!"
  }
},
{
  "model": "foodcartapp.product",
  "pk": 6,
  "fields": {
    "name": "Шримп Ролл",
    "category": 2,
    "price": "209.00",
    "image": "shrimp_roll.jpg",
    "special_status": false,
    "description": "Легкий ролл с нежными королевскими креветками в хрустящей панировке, свежий салат Айсберг и ломтик сыра в пшеничной лепешке под фирменным соусом «Кинг». Внимание! Блюдо содержит аллергены – морепродук"
  }
},
{
  "model": "foodcartapp.restaurantmenuitem",
  "pk": 1,
  "fields": {
    "restaurant": 1,
    "product": 1,
    "availability": true
  }
},
{
  "model": "foodcartapp.restaurantmenuitem",
  "pk": 2,
  "fields": {
    "restaurant": 2,
    "product": 1,
    "availability": true
  }
},
{
  "model": "foodcartapp.restaurantmenuitem",
  "pk": 3,
  "fields": {
    "restaurant": 3,
    "product": 1,
    "availability": true
  }
},
{
  "model": "foodcartapp.restaurantmenuitem",
  "pk": 4,
  "fields": {
    "restaurant": 1,
    "product": 2,
    "availability": true
  }
},
{
  "model": "foodcartapp.restaurantmenuitem",
  "pk": 5,
  "fields": {
    "restaurant": 2,
    "product": 2,
    "availability": true
  }
},
{
  "model": "foodcartapp.restaurantmenuitem",
  "pk": 6,
  "fields": {
    "restaurant": 3,
    "product": 2,
    "availability": false
  }
},
{
  "model": "foodcartapp.restaurantmenuitem",
  "pk": 7,
  "fields": {
    "restaurant": 1,
    "product": 3,
    "availability": true
  }
},
{
  "model": "foodcartapp.restaurantmenuitem",
  "pk": 8,
  "fields": {
    "restaurant": 2,
    "product": 3,
    "availability": true
  }
},
{
  "model": "foodcartapp.restaurantmenuitem",
  "pk": 9,
  "fields": {
    "restaurant": 3,
    "product": 3,
    "availability": true
  }
},
{
  "model": "foodcartapp.restaurantmenuitem",
  "pk": 10,
  "fields": {
    "restaurant": 1,
    "product": 4,
    "availability": true
  }
},
{
  "model": "foodcartapp.restaurantmenuitem",
  "pk": 11,
  "fields": {
    "restaurant": 2,
    "product": 4,
    "availability": true
  }
},
{
  "model": "foodcartapp.restaurantmenuitem",
  "pk": 12,
  "fields": {
    "restaurant": 3,
    "product": 4,
    "availability": false
  }
},
{
  "model": "foodcartapp.restaurantmenuitem",
  "pk": 13,
  "fields": {
    "restaurant": 1,
    "product": 5,
    "availability": true
  }
},
{
  "model": "foodcartapp.restaurantmenuitem",
  "pk": 14,
  "fields": {
    "restaurant": 2,
    "product": 5,
    "availability": true
  }
},
{
  "model": "foodcartapp.restaurantmenuitem",
  "pk": 15,
  "fields": {
    "restaurant": 3,
    "product": 5,
    "availability": true
  }
},
{
  "model": "foodcartapp.restaurantmenuitem",
  "pk": 16,
  "fields": {
    "restaurant": 1,
    "product": 6,
    "availability": true
  }
},
{
  "model": "foodcartapp.restaurantmenuitem",
  "pk": 17,
  "fields": {
    "restaurant": 2,
    "product": 6,
    "availability": true
  }
},
{
  "model": "foodcartapp.restaurantmenuitem",
  "pk": 18,
  "fields": {
    "restaurant": 3,
    "product": 6,
    "availability": true
  }
},
{
  "model": "foodcartapp.order",
  "pk": 1,
  "fields": {
    "status": "unprocessed",
    "payment_method": "cash",
    "cooking_restaurant": null,
    "firstname": "Иван",
    "lastname": "Свердлов",
    "phonenumber": "+79885554433",
    "address": "Москва, ул. Новый Арбат, 15",
    "created_at": "2025-07-28T07:08:48.014Z",
    "called_at": null,
    "delivered_at": null,
    "comment": ""
  }
},
{
  "model": "foodcartapp.order",
  "pk": 5,
  "fields": {
    "status": "unprocessed",
    "payment_method": "cash",
    "cooking_restaurant": null,
    "firstname": "Денис",
    "lastname": "Турищев",
    "phonenumber": "+79887053890",
    "address": "г. Москва, Кутузовский проспект 43, кв 102",
    "created_at": "2025-07-28T07:14:58.875Z",
    "called_at": null,
    "delivered_at": null,
    "comment": ""
  }
},
{
  "model": "foodcartapp.order",
  "pk": 6,
  "fields": {
    "status": "unprocessed",
    "payment_method": "cash",
    "cooking_restaurant": null,
    "firstname": "Иван",
    "lastname": "Иванов",
    "phonenumber": "+79990000000",
    "address": "ул. Примерная, 1",
    "created_at": "2025-07-28T07:52:29.166Z",
    "called_at": null,
    "delivered_at": null,
    "comment": ""
  }
},
{
  "model": "foodcartapp.order",
  "pk": 7,
  "fields": {
    "status": "unprocessed",
    "payment_method": "cash",
    "cooking_restaurant": null,
    "firstname": "Василий",
    "lastname": "Иванов",
    "phonenumber": "89443332323",
    "address": "ул. Самокатная, д 5",
    "created_at": "2025-07-28T07:54:07.267Z",
    "called_at": null,
    "delivered_at": null,
    "comment": ""
  }
},
{
  "model": "foodcartapp.order",
  "pk": 8,
  "fields": {
    "status": "unprocessed",
    "payment_method": "cash",
    "cooking_restaurant": null,
    "firstname": "Иван",
    "lastname": "Петров",
    "phonenumber": "+79291000000",
    "address": "Москва",
    "created_at": "2025-07-28T10:23:38.535Z",
    "called_at": null,
    "delivered_at": null,
    "comment": ""
  }
},
{
  "model": "foodcartapp.order",
  "pk": 9,
  "fields": {
    "status": "unprocessed",
    "payment_method": "cash",
    "cooking_restaurant": null,
    "firstname": "Иван",
    "lastname": "Петров",
    "phonenumber": "+79291000000",
    "address": "Москва",
    "created_at": "2025-07-28T10:24:34.081Z",
    "called_at": null,
    "delivered_at": null,
    "comment": ""
  }
},
{
  "model": "foodcartapp.order",
  "pk": 12,
  "fields": {
    "status": "unprocessed",
    "payment_method": "cash",
    "cooking_restaurant": null,
    "firstname": "Семен",
    "lastname": "Иванов",
    "phonenumber": "+79885554433",
    "address": "г. Москва, Кутузовский проспект 43, кв 102",
    "created_at": "2025-07-28T10:25:24.953Z",
    "called_at": null,
    "delivered_at": null,
    "comment": ""
  }
},
{
  "model": "foodcartapp.order",
  "pk": 13,
  "fields": {
    "status": "unprocessed",
    "payment_method": "cash",
    "cooking_restaurant": null,
    "firstname": "Сергей",
    "lastname": "Ааа",
    "phonenumber": "+79886643322",
    "address": "Кутузовский пр-кт",
    "created_at": "2025-07-28T10:34:33.129Z",
    "called_at": null,
    "delivered_at": null,
    "comment": ""
  }
},
{
  "model": "foodcartapp.order",
  "pk": 14,
  "fields": {
    "status": "unprocessed",
    "payment_method": "cash",
    "cooking_restaurant": null,
    "firstname": "Денис",
    "lastname": "Лазарев",
    "phonenumber": "+79885553323",
    "address": "Кутузовский пр-кт",
    "created_at": "2025-07-28T11:13:33.069Z",
    "called_at": null,
    "delivered_at": null,
    "comment": ""
  }
},
{
  "model": "foodcartapp.order",
  "pk": 15,
  "fields": {
    "status": "unprocessed",
    "payment_method": "cash",
    "cooking_restaurant": null,
    "firstname": "Денис",
    "lastname": "Турищев",
    "phonenumber": "+79887053890",
    "address": "г. Москва, Кутузовский проспект 8",
    "created_at": "2025-07-28T11:35:03.200Z",
    "called_at": null,
    "delivered_at": null,
    "comment": ""
  }
},
{
  "model": "foodcartapp.order",
  "pk": 16,
  "fields": {
    "status": "preparing",
    "payment_method": "cash",
    "cooking_restaurant": 2,
    "firstname": "Василий",
    "lastname": "Васильевич",
    "phonenumber": "+79123456789",
    "address": "Лондон",
    "created_at": "2025-07-28T11:47:10.586Z",
    "called_at": null,
    "delivered_at": null,
    "comment": ""
  }
},
{
  "model": "foodcartapp.order",
  "pk": 17,
  "fields": {
    "status": "preparing",
    "payment_method": "cash",
    "cooking_restaurant": 2,
    "firstname": "Денис",
    "lastname": "Турищев",
    "phonenumber": "+79887053890",
    "address": "г. Москва, Кутузовский проспект 43, кв 102",
    "created_at": "2025-07-28T12:44:57.697Z",
    "called_at": null,
    "delivered_at": null,
    "comment": ""
  }
},
{
  "model": "foodcartapp.order",
  "pk": 18,
  "fields": {
    "status": "completed",
    "payment_method": "cash",
    "cooking_restaurant": null,
    "firstname": "Денис",
    "lastname": "Турищеев",
    "phonenumber": "+79876543210",
    "address": "г. Москва, Кутузовский проспект, д. 43",
    "created_at": "2025-07-28T13:27:40.416Z",
    "called_at": null,
    "delivered_at": null,
    "comment": ""
  }
},
{
  "model": "foodcartapp.order",
  "pk": 19,
  "fields": {
    "status": "completed",
    "payment_method": "electronic",
    "cooking_restaurant": null,
    "firstname": "Петр",
    "lastname": "Кисигач",
    "phonenumber": "+79882221123",
    "address": "Кутузовский пр-кт",
    "created_at": "2025-07-28T14:16:47.948Z",
    "called_at": null,
    "delivered_at": null,
    "comment": ""
  }
},
{
  "model": "foodcartapp.order",
  "pk": 21,
  "fields": {
    "status": "preparing",
    "payment_method": "cash",
    "cooking_restaurant": 2,
    "firstname": "Артем",
    "lastname": "Башаров",
    "phonenumber": "+79887053890",
    "address": "г. Москва, Самокатная,  д 18",
    "created_at": "2025-07-29T07:33:09.041Z",
    "called_at": null,
    "delivered_at": null,
    "comment": ""
  }
},
{
  "model": "foodcartapp.order",
  "pk": 22,
  "fields": {
    "status": "unprocessed",
    "payment_method": "cash",
    "cooking_restaurant": null,
    "firstname": "Иван",
    "lastname": "Иванов",
    "phonenumber": "+79991234567",
    "address": "Москва, ул. Пушкина, 10",
    "created_at": "2025-07-31T08:23:06.709Z",
    "called_at": null,
    "delivered_at": null,
    "comment": ""
  }
},
{
  "model": "foodcartapp.orderitem",
  "pk": 1,
  "fields": {
    "order": 5,
    "product": 2,
    "quantity": 1,
    "price": "219.00"
  }
},
{
  "model": "foodcartapp.orderitem",
  "pk": 2,
  "fields": {
    "order": 6,
    "product": 1,
    "quantity": 2,
    "price": "269.00"
  }
},
{
  "model": "foodcartapp.orderitem",
  "pk": 3,
  "fields": {
    "order": 6,
    "product": 3,
    "quantity": 1,
    "price": "369.00"
  }
},
{
  "model": "foodcartapp.orderitem",
  "pk": 4,
  "fields": {
    "order": 7,
    "product": 2,
    "quantity": 1,
    "price": "219.00"
  }
},
{
  "model": "foodcartapp.orderitem",
  "pk": 5,
  "fields": {
    "order": 12,
    "product": 2,
    "quantity": 1,
    "price": "219.00"
  }
},
{
  "model": "foodcartapp.orderitem",
  "pk": 6,
  "fields": {
    "order": 13,
    "product": 3,
    "quantity": 1,
    "price": "369.00"
  }
},
{
  "model": "foodcartapp.orderitem",
  "pk": 7,
  "fields": {
    "order": 14,
    "product": 2,
    "quantity": 1,
    "price": "219.00"
  }
},
{
  "model": "foodcartapp.orderitem",
  "pk": 8,
  "fields": {
    "order": 14,
    "product": 3,
    "quantity": 1,
    "price": "369.00"
  }
},
{
  "model": "foodcartapp.orderitem",
  "pk": 9,
  "fields": {
    "order": 14,
    "product": 1,
    "quantity": 1,
    "price": "269.00"
  }
},
{
  "model": "foodcartapp.orderitem",
  "pk": 10,
  "fields": {
    "order": 14,
    "product": 4,
    "quantity": 1,
    "price": "319.00"
  }
},
{
  "model": "foodcartapp.orderitem",
  "pk": 11,
  "fields": {
    "order": 14,
    "product": 6,
    "quantity": 1,
    "price": "209.00"
  }
},
{
  "model": "foodcartapp.orderitem",
  "pk": 12,
  "fields": {
    "order": 14,
    "product": 5,
    "quantity": 1,
    "price": "199.00"
  }
},
{
  "model": "foodcartapp.orderitem",
  "pk": 13,
  "fields": {
    "order": 15,
    "product": 2,
    "quantity": 6,
    "price": "219.00"
  }
},
{
  "model": "foodcartapp.orderitem",
  "pk": 14,
  "fields": {
    "order": 16,
    "product": 1,
    "quantity": 1,
    "price": "269.00"
  }
},
{
  "model": "foodcartapp.orderitem",
  "pk": 15,
  "fields": {
    "order": 17,
    "product": 5,
    "quantity": 2,
    "price": "199.00"
  }
},
{
  "model": "foodcartapp.orderitem",
  "pk": 16,
  "fields": {
    "order": 18,
    "product": 1,
    "quantity": 2,
    "price": "269.00"
  }
},
{
  "model": "foodcartapp.orderitem",
  "pk": 17,
  "fields": {
    "order": 18,
    "product": 3,
    "quantity": 1,
    "price": "369.00"
  }
},
{
  "model": "foodcartapp.orderitem",
  "pk": 18,
  "fields": {
    "order": 19,
    "product": 3,
    "quantity": 9,
    "price": "369.00"
  }
},
{
  "model": "foodcartapp.orderitem",
  "pk": 20,
  "fields": {
    "order": 21,
    "product": 2,
    "quantity": 1,
    "price": "219.00"
  }
},
{
  "model": "foodcartapp.orderitem",
  "pk": 21,
  "fields": {
    "order": 21,
    "product": 3,
    "quantity": 1,
    "price": "369.00"
  }
},
{
  "model": "foodcartapp.orderitem",
  "pk": 22,
  "fields": {
    "order": 22,
    "product": 1,
    "quantity": 2,
    "price": "269.00"
  }
},
{
  "model": "foodcartapp.orderitem",
  "pk": 23,
  "fields": {
    "order": 22,
    "product": 3,
    "quantity": 1,
    "price": "369.00"
  }
},
{
  "model": "admin.logentry",
  "pk": 1,
  "fields": {
    "action_time": "2025-07-28T05:50:46.382Z",
    "user": 1,
    "content_type": 2,
    "object_id": "1",
    "object_repr": "Star Burger Арбат",
    "action_flag": 1,
    "change_message": "[{\"added\": {}}]"
  }
},
{
  "model": "admin.logentry",
  "pk": 2,
  "fields": {
    "action_time": "2025-07-28T05:51:11.825Z",
    "user": 1,
    "content_type": 2,
    "object_id": "2",
    "object_repr": "Star Burger Цветной",
    "action_flag": 1,
    "change_message": "[{\"added\": {}}]"
  }
},
{
  "model": "admin.logentry",
  "pk": 3,
  "fields": {
    "action_time": "2025-07-28T05:51:35.631Z",
    "user": 1,
    "content_type": 2,
    "object_id": "3",
    "object_repr": "Star Burger Европейский",
    "action_flag": 1,
    "change_message": "[{\"added\": {}}]"
  }
},
{
  "model": "admin.logentry",
  "pk": 4,
  "fields": {
    "action_time": "2025-07-28T05:53:23.545Z",
    "user": 1,
    "content_type": 4,
    "object_id": "1",
    "object_repr": "Бургер",
    "action_flag": 1,
    "change_message": "[{\"added\": {}}]"
  }
},
{
  "model": "admin.logentry",
  "pk": 5,
  "fields": {
    "action_time": "2025-07-28T05:56:03.652Z",
    "user": 1,
    "content_type": 1,
    "object_id": "1",
    "object_repr": "Стейкхаус",
    "action_flag": 1,
    "change_message": "[{\"added\": {}}, {\"added\": {\"name\": \"\\u043f\\u0443\\u043d\\u043a\\u0442 \\u043c\\u0435\\u043d\\u044e \\u0440\\u0435\\u0441\\u0442\\u043e\\u0440\\u0430\\u043d\\u0430\", \"object\": \"Star Burger \\u0410\\u0440\\u0431\\u0430\\u0442 - \\u0421\\u0442\\u0435\\u0439\\u043a\\u0445\\u0430\\u0443\\u0441\"}}, {\"added\": {\"name\": \"\\u043f\\u0443\\u043d\\u043a\\u0442 \\u043c\\u0435\\u043d\\u044e \\u0440\\u0435\\u0441\\u0442\\u043e\\u0440\\u0430\\u043d\\u0430\", \"object\": \"Star Burger \\u0426\\u0432\\u0435\\u0442\\u043d\\u043e\\u0439 - \\u0421\\u0442\\u0435\\u0439\\u043a\\u0445\\u0430\\u0443\\u0441\"}}, {\"added\": {\"name\": \"\\u043f\\u0443\\u043d\\u043a\\u0442 \\u043c\\u0435\\u043d\\u044e \\u0440\\u0435\\u0441\\u0442\\u043e\\u0440\\u0430\\u043d\\u0430\", \"object\": \"Star Burger \\u0415\\u0432\\u0440\\u043e\\u043f\\u0435\\u0439\\u0441\\u043a\\u0438\\u0439 - \\u0421\\u0442\\u0435\\u0439\\u043a\\u0445\\u0430\\u0443\\u0441\"}}]"
  }
},
{
  "model": "admin.logentry",
  "pk": 6,
  "fields": {
    "action_time": "2025-07-28T05:57:19.997Z",
    "user": 1,
    "content_type": 1,
    "object_id": "2",
    "object_repr": "Лонг Чизбургер",
    "action_flag": 1,
    "change_message": "[{\"added\": {}}, {\"added\": {\"name\": \"\\u043f\\u0443\\u043d\\u043a\\u0442 \\u043c\\u0435\\u043d\\u044e \\u0440\\u0435\\u0441\\u0442\\u043e\\u0440\\u0430\\u043d\\u0430\", \"object\": \"Star Burger \\u0410\\u0440\\u0431\\u0430\\u0442 - \\u041b\\u043e\\u043d\\u0433 \\u0427\\u0438\\u0437\\u0431\\u0443\\u0440\\u0433\\u0435\\u0440\"}}, {\"added\": {\"name\": \"\\u043f\\u0443\\u043d\\u043a\\u0442 \\u043c\\u0435\\u043d\\u044e \\u0440\\u0435\\u0441\\u0442\\u043e\\u0440\\u0430\\u043d\\u0430\", \"object\": \"Star Burger \\u0426\\u0432\\u0435\\u0442\\u043d\\u043e\\u0439 - \\u041b\\u043e\\u043d\\u0433 \\u0427\\u0438\\u0437\\u0431\\u0443\\u0440\\u0433\\u0435\\u0440\"}}, {\"added\": {\"name\": \"\\u043f\\u0443\\u043d\\u043a\\u0442 \\u043c\\u0435\\u043d\\u044e \\u0440\\u0435\\u0441\\u0442\\u043e\\u0440\\u0430\\u043d\\u0430\", \"object\": \"Star Burger \\u0415\\u0432\\u0440\\u043e\\u043f\\u0435\\u0439\\u0441\\u043a\\u0438\\u0439 - \\u041b\\u043e\\u043d\\u0433 \\u0427\\u0438\\u0437\\u0431\\u0443\\u0440\\u0433\\u0435\\u0440\"}}]"
  }
},
{
  "model": "admin.logentry",
  "pk": 7,
  "fields": {
    "action_time": "2025-07-28T05:58:22.365Z",
    "user": 1,
    "content_type": 1,
    "object_id": "3",
    "object_repr": "Тройной Воппер",
    "action_flag": 1,
    "change_message": "[{\"added\": {}}, {\"added\": {\"name\": \"\\u043f\\u0443\\u043d\\u043a\\u0442 \\u043c\\u0435\\u043d\\u044e \\u0440\\u0435\\u0441\\u0442\\u043e\\u0440\\u0430\\u043d\\u0430\", \"object\": \"Star Burger \\u0410\\u0440\\u0431\\u0430\\u0442 - \\u0422\\u0440\\u043e\\u0439\\u043d\\u043e\\u0439 \\u0412\\u043e\\u043f\\u043f\\u0435\\u0440\"}}, {\"added\": {\"name\": \"\\u043f\\u0443\\u043d\\u043a\\u0442 \\u043c\\u0435\\u043d\\u044e \\u0440\\u0435\\u0441\\u0442\\u043e\\u0440\\u0430\\u043d\\u0430\", \"object\": \"Star Burger \\u0426\\u0432\\u0435\\u0442\\u043d\\u043e\\u0439 - \\u0422\\u0440\\u043e\\u0439\\u043d\\u043e\\u0439 \\u0412\\u043e\\u043f\\u043f\\u0435\\u0440\"}}, {\"added\": {\"name\": \"\\u043f\\u0443\\u043d\\u043a\\u0442 \\u043c\\u0435\\u043d\\u044e \\u0440\\u0435\\u0441\\u0442\\u043e\\u0440\\u0430\\u043d\\u0430\", \"object\": \"Star Burger \\u0415\\u0432\\u0440\\u043e\\u043f\\u0435\\u0439\\u0441\\u043a\\u0438\\u0439 - \\u0422\\u0440\\u043e\\u0439\\u043d\\u043e\\u0439 \\u0412\\u043e\\u043f\\u043f\\u0435\\u0440\"}}]"
  }
},
{
  "model": "admin.logentry",
  "pk": 8,
  "fields": {
    "action_time": "2025-07-28T05:59:21.245Z",
    "user": 1,
    "content_type": 1,
    "object_id": "4",
    "object_repr": "Беконайзер",
    "action_flag": 1,
    "change_message": "[{\"added\": {}}, {\"added\": {\"name\": \"\\u043f\\u0443\\u043d\\u043a\\u0442 \\u043c\\u0435\\u043d\\u044e \\u0440\\u0435\\u0441\\u0442\\u043e\\u0440\\u0430\\u043d\\u0430\", \"object\": \"Star Burger \\u0410\\u0440\\u0431\\u0430\\u0442 - \\u0411\\u0435\\u043a\\u043e\\u043d\\u0430\\u0439\\u0437\\u0435\\u0440\"}}, {\"added\": {\"name\": \"\\u043f\\u0443\\u043d\\u043a\\u0442 \\u043c\\u0435\\u043d\\u044e \\u0440\\u0435\\u0441\\u0442\\u043e\\u0440\\u0430\\u043d\\u0430\", \"object\": \"Star Burger \\u0426\\u0432\\u0435\\u0442\\u043d\\u043e\\u0439 - \\u0411\\u0435\\u043a\\u043e\\u043d\\u0430\\u0439\\u0437\\u0435\\u0440\"}}, {\"added\": {\"name\": \"\\u043f\\u0443\\u043d\\u043a\\u0442 \\u043c\\u0435\\u043d\\u044e \\u0440\\u0435\\u0441\\u0442\\u043e\\u0440\\u0430\\u043d\\u0430\", \"object\": \"Star Burger \\u0415\\u0432\\u0440\\u043e\\u043f\\u0435\\u0439\\u0441\\u043a\\u0438\\u0439 - \\u0411\\u0435\\u043a\\u043e\\u043d\\u0430\\u0439\\u0437\\u0435\\u0440\"}}]"
  }
},
{
  "model": "admin.logentry",
  "pk": 9,
  "fields": {
    "action_time": "2025-07-28T06:00:40.377Z",
    "user": 1,
    "content_type": 4,
    "object_id": "2",
    "object_repr": "Ролл",
    "action_flag": 1,
    "change_message": "[{\"added\": {}}]"
  }
},
{
  "model": "admin.logentry",
  "pk": 10,
  "fields": {
    "action_time": "2025-07-28T06:01:52.825Z",
    "user": 1,
    "content_type": 1,
    "object_id": "5",
    "object_repr": "Фиш Ролл",
    "action_flag": 1,
    "change_message": "[{\"added\": {}}, {\"added\": {\"name\": \"\\u043f\\u0443\\u043d\\u043a\\u0442 \\u043c\\u0435\\u043d\\u044e \\u0440\\u0435\\u0441\\u0442\\u043e\\u0440\\u0430\\u043d\\u0430\", \"object\": \"Star Burger \\u0410\\u0440\\u0431\\u0430\\u0442 - \\u0424\\u0438\\u0448 \\u0420\\u043e\\u043b\\u043b\"}}, {\"added\": {\"name\": \"\\u043f\\u0443\\u043d\\u043a\\u0442 \\u043c\\u0435\\u043d\\u044e \\u0440\\u0435\\u0441\\u0442\\u043e\\u0440\\u0430\\u043d\\u0430\", \"object\": \"Star Burger \\u0426\\u0432\\u0435\\u0442\\u043d\\u043e\\u0439 - \\u0424\\u0438\\u0448 \\u0420\\u043e\\u043b\\u043b\"}}, {\"added\": {\"name\": \"\\u043f\\u0443\\u043d\\u043a\\u0442 \\u043c\\u0435\\u043d\\u044e \\u0440\\u0435\\u0441\\u0442\\u043e\\u0440\\u0430\\u043d\\u0430\", \"object\": \"Star Burger \\u0415\\u0432\\u0440\\u043e\\u043f\\u0435\\u0439\\u0441\\u043a\\u0438\\u0439 - \\u0424\\u0438\\u0448 \\u0420\\u043e\\u043b\\u043b\"}}]"
  }
},
{
  "model": "admin.logentry",
  "pk": 11,
  "fields": {
    "action_time": "2025-07-28T06:02:42.013Z",
    "user": 1,
    "content_type": 1,
    "object_id": "6",
    "object_repr": "Шримп Ролл",
    "action_flag": 1,
    "change_message": "[{\"added\": {}}, {\"added\": {\"name\": \"\\u043f\\u0443\\u043d\\u043a\\u0442 \\u043c\\u0435\\u043d\\u044e \\u0440\\u0435\\u0441\\u0442\\u043e\\u0440\\u0430\\u043d\\u0430\", \"object\": \"Star Burger \\u0410\\u0440\\u0431\\u0430\\u0442 - \\u0428\\u0440\\u0438\\u043c\\u043f \\u0420\\u043e\\u043b\\u043b\"}}, {\"added\": {\"name\": \"\\u043f\\u0443\\u043d\\u043a\\u0442 \\u043c\\u0435\\u043d\\u044e \\u0440\\u0435\\u0441\\u0442\\u043e\\u0440\\u0430\\u043d\\u0430\", \"object\": \"Star Burger \\u0426\\u0432\\u0435\\u0442\\u043d\\u043e\\u0439 - \\u0428\\u0440\\u0438\\u043c\\u043f \\u0420\\u043e\\u043b\\u043b\"}}, {\"added\": {\"name\": \"\\u043f\\u0443\\u043d\\u043a\\u0442 \\u043c\\u0435\\u043d\\u044e \\u0440\\u0435\\u0441\\u0442\\u043e\\u0440\\u0430\\u043d\\u0430\", \"object\": \"Star Burger \\u0415\\u0432\\u0440\\u043e\\u043f\\u0435\\u0439\\u0441\\u043a\\u0438\\u0439 - \\u0428\\u0440\\u0438\\u043c\\u043f \\u0420\\u043e\\u043b\\u043b\"}}]"
  }
},
{
  "model": "admin.logentry",
  "pk": 12,
  "fields": {
    "action_time": "2025-07-28T07:17:30.551Z",
    "user": 1,
    "content_type": 12,
    "object_id": "4",
    "object_repr": "Заказ 4 от Денис Турищев (2025-07-28 07:14:37.928940+00:00)",
    "action_flag": 3,
    "change_message": ""
  }
},
{
  "model": "admin.logentry",
  "pk": 13,
  "fields": {
    "action_time": "2025-07-28T07:17:30.551Z",
    "user": 1,
    "content_type": 12,
    "object_id": "3",
    "object_repr": "Заказ 3 от Денис Турищев (2025-07-28 07:13:17.952512+00:00)",
    "action_flag": 3,
    "change_message": ""
  }
},
{
  "model": "admin.logentry",
  "pk": 14,
  "fields": {
    "action_time": "2025-07-28T07:17:30.551Z",
    "user": 1,
    "content_type": 12,
    "object_id": "2",
    "object_repr": "Заказ 2 от Денис Турищев (2025-07-28 07:13:11.114442+00:00)",
    "action_flag": 3,
    "change_message": ""
  }
},
{
  "model": "admin.logentry",
  "pk": 15,
  "fields": {
    "action_time": "2025-07-28T13:38:22.028Z",
    "user": 1,
    "content_type": 12,
    "object_id": "1",
    "object_repr": "Заказ 1 от Иван Свердлов (2025-07-28 07:08:48.014766+00:00)",
    "action_flag": 2,
    "change_message": "[{\"changed\": {\"fields\": [\"\\u0424\\u0430\\u043c\\u0438\\u043b\\u0438\\u044f\"]}}]"
  }
},
{
  "model": "admin.logentry",
  "pk": 16,
  "fields": {
    "action_time": "2025-07-28T13:38:55.570Z",
    "user": 1,
    "content_type": 12,
    "object_id": "13",
    "object_repr": "Заказ 13 от Сергей Ааа (2025-07-28 10:34:33.129908+00:00)",
    "action_flag": 2,
    "change_message": "[{\"changed\": {\"fields\": [\"\\u0418\\u043c\\u044f\", \"\\u0422\\u0435\\u043b\\u0435\\u0444\\u043e\\u043d\"]}}]"
  }
},
{
  "model": "admin.logentry",
  "pk": 17,
  "fields": {
    "action_time": "2025-07-28T14:06:07.813Z",
    "user": 1,
    "content_type": 12,
    "object_id": "18",
    "object_repr": "Заказ 18 от Денис Турищеев (2025-07-28 13:27:40.416960+00:00)",
    "action_flag": 2,
    "change_message": "[{\"changed\": {\"fields\": [\"\\u0421\\u0442\\u0430\\u0442\\u0443\\u0441\"]}}]"
  }
},
{
  "model": "admin.logentry",
  "pk": 18,
  "fields": {
    "action_time": "2025-07-28T14:06:56.725Z",
    "user": 1,
    "content_type": 12,
    "object_id": "18",
    "object_repr": "Заказ 18 от Денис Турищеев (2025-07-28 13:27:40.416960+00:00)",
    "action_flag": 2,
    "change_message": "[{\"changed\": {\"fields\": [\"\\u0421\\u0442\\u0430\\u0442\\u0443\\u0441\"]}}]"
  }
},
{
  "model": "admin.logentry",
  "pk": 19,
  "fields": {
    "action_time": "2025-07-28T14:25:19.059Z",
    "user": 1,
    "content_type": 12,
    "object_id": "19",
    "object_repr": "Заказ 19 от Петр Кисигач (2025-07-28 14:16:47.948489+00:00)",
    "action_flag": 2,
    "change_message": "[{\"changed\": {\"fields\": [\"\\u0421\\u043f\\u043e\\u0441\\u043e\\u0431 \\u043e\\u043f\\u043b\\u0430\\u0442\\u044b\"]}}]"
  }
},
{
  "model": "admin.logentry",
  "pk": 20,
  "fields": {
    "action_time": "2025-07-28T14:58:46.115Z",
    "user": 1,
    "content_type": 12,
    "object_id": "20",
    "object_repr": "Заказ 20 от Иван Мартынов (2025-07-28 14:40:51.573799+00:00)",
    "action_flag": 2,
    "change_message": "[{\"changed\": {\"fields\": [\"\\u0421\\u0442\\u0430\\u0442\\u0443\\u0441\", \"\\u0413\\u043e\\u0442\\u043e\\u0432\\u0438\\u0442 \\u0440\\u0435\\u0441\\u0442\\u043e\\u0440\\u0430\\u043d\"]}}]"
  }
},
{
  "model": "admin.logentry",
  "pk": 21,
  "fields": {
    "action_time": "2025-07-28T15:24:28.874Z",
    "user": 1,
    "content_type": 12,
    "object_id": "19",
    "object_repr": "Заказ 19 от Петр Кисигач (2025-07-28 14:16:47.948489+00:00)",
    "action_flag": 2,
    "change_message": "[{\"changed\": {\"fields\": [\"\\u0421\\u0442\\u0430\\u0442\\u0443\\u0441\"]}}]"
  }
},
{
  "model": "admin.logentry",
  "pk": 22,
  "fields": {
    "action_time": "2025-07-28T15:25:13.530Z",
    "user": 1,
    "content_type": 12,
    "object_id": "17",
    "object_repr": "Заказ 17 от Денис Турищев (2025-07-28 12:44:57.697797+00:00)",
    "action_flag": 2,
    "change_message": "[{\"changed\": {\"fields\": [\"\\u0413\\u043e\\u0442\\u043e\\u0432\\u0438\\u0442 \\u0440\\u0435\\u0441\\u0442\\u043e\\u0440\\u0430\\u043d\"]}}]"
  }
},
{
  "model": "admin.logentry",
  "pk": 23,
  "fields": {
    "action_time": "2025-07-28T16:37:53.463Z",
    "user": 1,
    "content_type": 12,
    "object_id": "16",
    "object_repr": "Заказ 16 от Василий Васильевич (2025-07-28 11:47:10.586435+00:00)",
    "action_flag": 2,
    "change_message": "[{\"changed\": {\"fields\": [\"\\u0413\\u043e\\u0442\\u043e\\u0432\\u0438\\u0442 \\u0440\\u0435\\u0441\\u0442\\u043e\\u0440\\u0430\\u043d\"]}}]"
  }
},
{
  "model": "admin.logentry",
  "pk": 24,
  "fields": {
    "action_time": "2025-07-29T04:09:16.983Z",
    "user": 1,
    "content_type": 12,
    "object_id": "11",
    "object_repr": "Заказ 11 от Иван Петров (2025-07-28 10:24:51.823307+00:00)",
    "action_flag": 3,
    "change_message": ""
  }
},
{
  "model": "admin.logentry",
  "pk": 25,
  "fields": {
    "action_time": "2025-07-29T04:09:31.780Z",
    "user": 1,
    "content_type": 12,
    "object_id": "10",
    "object_repr": "Заказ 10 от Иван Петров (2025-07-28 10:24:44.256590+00:00)",
    "action_flag": 3,
    "change_message": ""
  }
},
{
  "model": "admin.logentry",
  "pk": 26,
  "fields": {
    "action_time": "2025-07-29T04:12:42.104Z",
    "user": 1,
    "content_type": 2,
    "object_id": "3",
    "object_repr": "Star Burger Европейский",
    "action_flag": 2,
    "change_message": "[{\"changed\": {\"name\": \"\\u043f\\u0443\\u043d\\u043a\\u0442 \\u043c\\u0435\\u043d\\u044e \\u0440\\u0435\\u0441\\u0442\\u043e\\u0440\\u0430\\u043d\\u0430\", \"object\": \"Star Burger \\u0415\\u0432\\u0440\\u043e\\u043f\\u0435\\u0439\\u0441\\u043a\\u0438\\u0439 - \\u041b\\u043e\\u043d\\u0433 \\u0427\\u0438\\u0437\\u0431\\u0443\\u0440\\u0433\\u0435\\u0440\", \"fields\": [\"\\u0412 \\u043f\\u0440\\u043e\\u0434\\u0430\\u0436\\u0435\"]}}, {\"changed\": {\"name\": \"\\u043f\\u0443\\u043d\\u043a\\u0442 \\u043c\\u0435\\u043d\\u044e \\u0440\\u0435\\u0441\\u0442\\u043e\\u0440\\u0430\\u043d\\u0430\", \"object\": \"Star Burger \\u0415\\u0432\\u0440\\u043e\\u043f\\u0435\\u0439\\u0441\\u043a\\u0438\\u0439 - \\u0411\\u0435\\u043a\\u043e\\u043d\\u0430\\u0439\\u0437\\u0435\\u0440\", \"fields\": [\"\\u0412 \\u043f\\u0440\\u043e\\u0434\\u0430\\u0436\\u0435\"]}}]"
  }
},
{
  "model": "admin.logentry",
  "pk": 27,
  "fields": {
    "action_time": "2025-07-29T04:13:23.608Z",
    "user": 1,
    "content_type": 12,
    "object_id": "20",
    "object_repr": "Заказ 20 от Иван Мартынов (2025-07-28 14:40:51.573799+00:00)",
    "action_flag": 3,
    "change_message": ""
  }
},
{
  "model": "admin.logentry",
  "pk": 28,
  "fields": {
    "action_time": "2025-07-29T06:15:26.893Z",
    "user": 1,
    "content_type": 12,
    "object_id": "15",
    "object_repr": "Заказ 15 от Денис Турищев (2025-07-28 11:35:03.200691+00:00)",
    "action_flag": 2,
    "change_message": "[{\"changed\": {\"fields\": [\"\\u0410\\u0434\\u0440\\u0435\\u0441\"]}}]"
  }
},
{
  "model": "admin.logentry",
  "pk": 29,
  "fields": {
    "action_time": "2025-07-29T07:33:55.336Z",
    "user": 1,
    "content_type": 12,
    "object_id": "21",
    "object_repr": "Заказ 21 от Артем Башаров (2025-07-29 07:33:09.041328+00:00)",
    "action_flag": 2,
    "change_message": "[{\"changed\": {\"fields\": [\"\\u0421\\u0442\\u0430\\u0442\\u0443\\u0441\", \"\\u0413\\u043e\\u0442\\u043e\\u0432\\u0438\\u0442 \\u0440\\u0435\\u0441\\u0442\\u043e\\u0440\\u0430\\u043d\"]}}]"
  }
},
{
  "model": "admin.logentry",
  "pk": 30,
  "fields": {
    "action_time": "2025-07-29T07:34:19.179Z",
    "user": 1,
    "content_type": 12,
    "object_id": "19",
    "object_repr": "Заказ 19 от Петр Кисигач (2025-07-28 14:16:47.948489+00:00)",
    "action_flag": 2,
    "change_message": "[{\"changed\": {\"fields\": [\"\\u0421\\u0442\\u0430\\u0442\\u0443\\u0441\"]}}]"
  }
},
{
  "model": "auth.user",
  "pk": 1,
  "fields": {
    "password": "pbkdf2_sha256$1000000$fISZIqnefG6WKrkwsqppd4$kStCDD7ZUN4d2XmhrV3DVGhlBhtximOqZVT1/MED+ak=",
    "last_login": "2025-07-28T05:48:15.481Z",
    "is_superuser": true,
    "username": "admin",
    "first_name": "",
    "last_name": "",
    "email": "tyrischev.d.v@gmail.com",
    "is_staff": true,
    "is_active": true,
    "date_joined": "2025-07-28T05:47:26.341Z",
    "groups": [],
    "user_permissions": []
  }
},
{
  "model": "sessions.session",
  "pk": "x4ckn95hseug4vlm38q6z3to1nvbdq2b",
  "fields": {
    "session_data": ".eJxVjDsOwjAQBe_iGln-xN6Ykp4zROvdNQkgR4qTCnF3iJQC2jcz76UG3NZx2Josw8TqrKw6_W4Z6SF1B3zHeps1zXVdpqx3RR-06evM8rwc7t_BiG381j2mTkrJFCxHgJ6JeumckwxUbPTZGAiOwYaMkEJgkmjAeUfGdz6Ben8A-VQ3qg:1ugGid:SZGM3eLWSJN_nxxA-hQlZ7LPLm4zxtO_W_Oh3xyxr64",
    "expire_date": "2025-08-11T05:48:15.519Z"
  }
},
{
  "model": "places.place",
  "pk": 1,
  "fields": {
    "address": "г. Москва, Кутузовский проспект 43, кв 102",
    "coordinates": [
      55.738358,
      37.529762
    ],
    "updated_at": "2025-07-29T05:17:31.029Z"
  }
},
{
  "model": "places.place",
  "pk": 2,
  "fields": {
    "address": "Москва, ул. Новый Арбат, 15",
    "coordinates": [
      55.751933,
      37.593066
    ],
    "updated_at": "2025-07-29T05:17:31.722Z"
  }
},
{
  "model": "places.place",
  "pk": 3,
  "fields": {
    "address": "Москва, Цветной бульвар, 11с2",
    "coordinates": [
      55.770076,
      37.620429
    ],
    "updated_at": "2025-07-29T05:17:32.162Z"
  }
},
{
  "model": "places.place",
  "pk": 4,
  "fields": {
    "address": "Кутузовский пр-кт",
    "coordinates": [
      55.734952,
      37.508759
    ],
    "updated_at": "2025-07-29T05:17:33.276Z"
  }
},
{
  "model": "places.place",
  "pk": 5,
  "fields": {
    "address": "Москва, пл. Киевского Вокзала, 2",
    "coordinates": [
      55.744637,
      37.566072
    ],
    "updated_at": "2025-07-29T05:17:33.760Z"
  }
},
{
  "model": "places.place",
  "pk": 6,
  "fields": {
    "address": "Москва",
    "coordinates": [
      55.755864,
      37.617698
    ],
    "updated_at": "2025-07-29T05:17:34.214Z"
  }
},
{
  "model": "places.place",
  "pk": 7,
  "fields": {
    "address": "ул. Самокатная, д 5",
    "coordinates": [
      54.1816,
      37.570671
    ],
    "updated_at": "2025-07-29T05:17:34.723Z"
  }
},
{
  "model": "places.place",
  "pk": 8,
  "fields": {
    "address": "ул. Примерная, 1",
    "coordinates": [
      55.464289,
      60.92977
    ],
    "updated_at": "2025-07-29T05:17:35.192Z"
  }
},
{
  "model": "places.place",
  "pk": 9,
  "fields": {
    "address": "Лондон",
    "coordinates": [
      51.507351,
      -0.127696
    ],
    "updated_at": "2025-07-29T05:17:36.304Z"
  }
},
{
  "model": "places.place",
  "pk": 10,
  "fields": {
    "address": "г. Москва, Кутузовский проспект 8",
    "coordinates": [
      55.749177,
      37.560547
    ],
    "updated_at": "2025-07-29T06:15:27.867Z"
  }
},
{
  "model": "places.place",
  "pk": 12,
  "fields": {
    "address": "г. Москва, Самокатная,  д 18",
    "coordinates": [
      55.756639,
      37.68067
    ],
    "updated_at": "2025-07-29T07:33:26.683Z"
  }
},
{
  "model": "places.place",
  "pk": 14,
  "fields": {
    "address": "Москва, ул. Пушкина, 10",
    "coordinates": [
      55.63566,
      37.261318
    ],
    "updated_at": "2025-07-31T08:23:24.394Z"
  }
}
]
